id,name
1,Alice
2,Bob
3,Charlie
4,David
5,Eve
6,Frank
7,Grace
8,Henry
9,Ivy
10,Jack
11,Kate
12,Liam
13,Mia
14,Noah
15,Olivia
16,Peter
17,Quinn
18,Rachel
19,Sam
20,Tom
21,Una
22,Vera
23,Walter
24,Xander
25,Yara
26,Zane
27,Abby
28,Ben
29,Chloe
30,Dan
31,Emily
32,Finn
33,Gina
34,Hank
35,Iris
36,John
37,Kathy
38,Leo
39,Megan
40,Nate
41,Olive
42,Paul
43,Quincy
44,Riley
45,Sara
46,Tim
47,Uma
48,Vincent
49,Wendy
50,Xavier
51,Yasmine
52,Zach
53,Anna
54,Blake
55,Claire
56,Dylan
57,Ella
58,Felix
59,Gina
60,Henry
61,Isabel
62,Jack
63,Karen
64,Luke
65,Megan
66,Noah
67,Olivia
68,Peter
69,Quinn
70,Rachel
71,Sam
72,Tom
73,Una
74,Vera
75,Walter
76,Xander
77,Yara
78,Zane
79,Abby
80,Ben
81,Chloe
82,Dan
83,Emily
84,Finn
85,Gina
86,Hank
87,Iris
88,John
89,Kathy
90,Leo
91,Megan
92,Nate
93,Olive
94,Paul
95,Quincy
96,Riley
97,Sara
98,Tim
99,Uma
100,Vincent
